"url","Single Review 1","Single Review 3","_url_input"
"https://www.kupujemprodajem.com/review.php?action=list&return_url=cmV2aWV3LnBocD9hY3Rpb249bGlzdCZkYXRhJTVCdXNlcl9pZCU1RD0zNDQ0NDkmZGF0YSU1QnVzZXJfdHlwZSU1RD1hbGwmZGF0YSU1QmFkX2tpbmQlNUQ9YWxsJmRhdGElNUJyYXRlJTVEPXBvc2l0aXZlJmRhdGElNUJwYWdlJTVEPTI%3D&data%5Buser_id%5D=344449&data%5Buser_type%5D=all&data%5Bad_kind%5D=all&data%5Brate%5D=positive&data%5Bpage%5D=1","17.03.2020","Step Down regulator napona i struje XL4015 5A","https://www.kupujemprodajem.com/review.php?action=list&return_url=cmV2aWV3LnBocD9hY3Rpb249bGlzdCZkYXRhJTVCdXNlcl9pZCU1RD0zNDQ0NDkmZGF0YSU1QnVzZXJfdHlwZSU1RD1hbGwmZGF0YSU1QmFkX2tpbmQlNUQ9YWxsJmRhdGElNUJyYXRlJTVEPXBvc2l0aXZlJmRhdGElNUJwYWdlJTVEPTI%3D&data%5Buser_id%5D=344449&data%5Buser_type%5D=all&data%5Bad_kind%5D=all&data%5Brate%5D=positive&data%5Bpage%5D=1"
"https://www.kupujemprodajem.com/review.php?action=list&return_url=cmV2aWV3LnBocD9hY3Rpb249bGlzdCZkYXRhJTVCdXNlcl9pZCU1RD0zNDQ0NDkmZGF0YSU1QnVzZXJfdHlwZSU1RD1hbGwmZGF0YSU1QmFkX2tpbmQlNUQ9YWxsJmRhdGElNUJyYXRlJTVEPXBvc2l0aXZlJmRhdGElNUJwYWdlJTVEPTI%3D&data%5Buser_id%5D=344449&data%5Buser_type%5D=all&data%5Bad_kind%5D=all&data%5Brate%5D=positive&data%5Bpage%5D=1","12.03.2020","WH148 Linearni Potenciometar B10K","https://www.kupujemprodajem.com/review.php?action=list&return_url=cmV2aWV3LnBocD9hY3Rpb249bGlzdCZkYXRhJTVCdXNlcl9pZCU1RD0zNDQ0NDkmZGF0YSU1QnVzZXJfdHlwZSU1RD1hbGwmZGF0YSU1QmFkX2tpbmQlNUQ9YWxsJmRhdGElNUJyYXRlJTVEPXBvc2l0aXZlJmRhdGElNUJwYWdlJTVEPTI%3D&data%5Buser_id%5D=344449&data%5Buser_type%5D=all&data%5Bad_kind%5D=all&data%5Brate%5D=positive&data%5Bpage%5D=1"
"https://www.kupujemprodajem.com/review.php?action=list&return_url=cmV2aWV3LnBocD9hY3Rpb249bGlzdCZkYXRhJTVCdXNlcl9pZCU1RD0zNDQ0NDkmZGF0YSU1QnVzZXJfdHlwZSU1RD1hbGwmZGF0YSU1QmFkX2tpbmQlNUQ9YWxsJmRhdGElNUJyYXRlJTVEPXBvc2l0aXZlJmRhdGElNUJwYWdlJTVEPTI%3D&data%5Buser_id%5D=344449&data%5Buser_type%5D=all&data%5Bad_kind%5D=all&data%5Brate%5D=positive&data%5Bpage%5D=1","12.03.2020","5mm IR LED Receiver i Emitter 940nm","https://www.kupujemprodajem.com/review.php?action=list&return_url=cmV2aWV3LnBocD9hY3Rpb249bGlzdCZkYXRhJTVCdXNlcl9pZCU1RD0zNDQ0NDkmZGF0YSU1QnVzZXJfdHlwZSU1RD1hbGwmZGF0YSU1QmFkX2tpbmQlNUQ9YWxsJmRhdGElNUJyYXRlJTVEPXBvc2l0aXZlJmRhdGElNUJwYWdlJTVEPTI%3D&data%5Buser_id%5D=344449&data%5Buser_type%5D=all&data%5Bad_kind%5D=all&data%5Brate%5D=positive&data%5Bpage%5D=1"
"https://www.kupujemprodajem.com/review.php?action=list&return_url=cmV2aWV3LnBocD9hY3Rpb249bGlzdCZkYXRhJTVCdXNlcl9pZCU1RD0zNDQ0NDkmZGF0YSU1QnVzZXJfdHlwZSU1RD1hbGwmZGF0YSU1QmFkX2tpbmQlNUQ9YWxsJmRhdGElNUJyYXRlJTVEPXBvc2l0aXZlJmRhdGElNUJwYWdlJTVEPTI%3D&data%5Buser_id%5D=344449&data%5Buser_type%5D=all&data%5Bad_kind%5D=all&data%5Brate%5D=positive&data%5Bpage%5D=1","28.02.2020","TP4056A 1A modul za punjenje litijumske baterije","https://www.kupujemprodajem.com/review.php?action=list&return_url=cmV2aWV3LnBocD9hY3Rpb249bGlzdCZkYXRhJTVCdXNlcl9pZCU1RD0zNDQ0NDkmZGF0YSU1QnVzZXJfdHlwZSU1RD1hbGwmZGF0YSU1QmFkX2tpbmQlNUQ9YWxsJmRhdGElNUJyYXRlJTVEPXBvc2l0aXZlJmRhdGElNUJwYWdlJTVEPTI%3D&data%5Buser_id%5D=344449&data%5Buser_type%5D=all&data%5Bad_kind%5D=all&data%5Brate%5D=positive&data%5Bpage%5D=1"
"https://www.kupujemprodajem.com/review.php?action=list&return_url=cmV2aWV3LnBocD9hY3Rpb249bGlzdCZkYXRhJTVCdXNlcl9pZCU1RD0zNDQ0NDkmZGF0YSU1QnVzZXJfdHlwZSU1RD1hbGwmZGF0YSU1QmFkX2tpbmQlNUQ9YWxsJmRhdGElNUJyYXRlJTVEPXBvc2l0aXZlJmRhdGElNUJwYWdlJTVEPTI%3D&data%5Buser_id%5D=344449&data%5Buser_type%5D=all&data%5Bad_kind%5D=all&data%5Brate%5D=positive&data%5Bpage%5D=1","23.02.2020","Arduino NANO V3.0","https://www.kupujemprodajem.com/review.php?action=list&return_url=cmV2aWV3LnBocD9hY3Rpb249bGlzdCZkYXRhJTVCdXNlcl9pZCU1RD0zNDQ0NDkmZGF0YSU1QnVzZXJfdHlwZSU1RD1hbGwmZGF0YSU1QmFkX2tpbmQlNUQ9YWxsJmRhdGElNUJyYXRlJTVEPXBvc2l0aXZlJmRhdGElNUJwYWdlJTVEPTI%3D&data%5Buser_id%5D=344449&data%5Buser_type%5D=all&data%5Bad_kind%5D=all&data%5Brate%5D=positive&data%5Bpage%5D=1"
"https://www.kupujemprodajem.com/review.php?action=list&return_url=cmV2aWV3LnBocD9hY3Rpb249bGlzdCZkYXRhJTVCdXNlcl9pZCU1RD0zNDQ0NDkmZGF0YSU1QnVzZXJfdHlwZSU1RD1hbGwmZGF0YSU1QmFkX2tpbmQlNUQ9YWxsJmRhdGElNUJyYXRlJTVEPXBvc2l0aXZlJmRhdGElNUJwYWdlJTVEPTI%3D&data%5Buser_id%5D=344449&data%5Buser_type%5D=all&data%5Bad_kind%5D=all&data%5Brate%5D=positive&data%5Bpage%5D=1","31.01.2020","Arduino NANO V3.0","https://www.kupujemprodajem.com/review.php?action=list&return_url=cmV2aWV3LnBocD9hY3Rpb249bGlzdCZkYXRhJTVCdXNlcl9pZCU1RD0zNDQ0NDkmZGF0YSU1QnVzZXJfdHlwZSU1RD1hbGwmZGF0YSU1QmFkX2tpbmQlNUQ9YWxsJmRhdGElNUJyYXRlJTVEPXBvc2l0aXZlJmRhdGElNUJwYWdlJTVEPTI%3D&data%5Buser_id%5D=344449&data%5Buser_type%5D=all&data%5Bad_kind%5D=all&data%5Brate%5D=positive&data%5Bpage%5D=1"
"https://www.kupujemprodajem.com/review.php?action=list&return_url=cmV2aWV3LnBocD9hY3Rpb249bGlzdCZkYXRhJTVCdXNlcl9pZCU1RD0zNDQ0NDkmZGF0YSU1QnVzZXJfdHlwZSU1RD1hbGwmZGF0YSU1QmFkX2tpbmQlNUQ9YWxsJmRhdGElNUJyYXRlJTVEPXBvc2l0aXZlJmRhdGElNUJwYWdlJTVEPTI%3D&data%5Buser_id%5D=344449&data%5Buser_type%5D=all&data%5Bad_kind%5D=all&data%5Brate%5D=positive&data%5Bpage%5D=1","24.01.2020","Samsung Galaxy J5","https://www.kupujemprodajem.com/review.php?action=list&return_url=cmV2aWV3LnBocD9hY3Rpb249bGlzdCZkYXRhJTVCdXNlcl9pZCU1RD0zNDQ0NDkmZGF0YSU1QnVzZXJfdHlwZSU1RD1hbGwmZGF0YSU1QmFkX2tpbmQlNUQ9YWxsJmRhdGElNUJyYXRlJTVEPXBvc2l0aXZlJmRhdGElNUJwYWdlJTVEPTI%3D&data%5Buser_id%5D=344449&data%5Buser_type%5D=all&data%5Bad_kind%5D=all&data%5Brate%5D=positive&data%5Bpage%5D=1"
"https://www.kupujemprodajem.com/review.php?action=list&return_url=cmV2aWV3LnBocD9hY3Rpb249bGlzdCZkYXRhJTVCdXNlcl9pZCU1RD0zNDQ0NDkmZGF0YSU1QnVzZXJfdHlwZSU1RD1hbGwmZGF0YSU1QmFkX2tpbmQlNUQ9YWxsJmRhdGElNUJyYXRlJTVEPXBvc2l0aXZlJmRhdGElNUJwYWdlJTVEPTI%3D&data%5Buser_id%5D=344449&data%5Buser_type%5D=all&data%5Bad_kind%5D=all&data%5Brate%5D=positive&data%5Bpage%5D=1","15.01.2020","Led dioda 3 i 5 mm","https://www.kupujemprodajem.com/review.php?action=list&return_url=cmV2aWV3LnBocD9hY3Rpb249bGlzdCZkYXRhJTVCdXNlcl9pZCU1RD0zNDQ0NDkmZGF0YSU1QnVzZXJfdHlwZSU1RD1hbGwmZGF0YSU1QmFkX2tpbmQlNUQ9YWxsJmRhdGElNUJyYXRlJTVEPXBvc2l0aXZlJmRhdGElNUJwYWdlJTVEPTI%3D&data%5Buser_id%5D=344449&data%5Buser_type%5D=all&data%5Bad_kind%5D=all&data%5Brate%5D=positive&data%5Bpage%5D=1"
"https://www.kupujemprodajem.com/review.php?action=list&return_url=cmV2aWV3LnBocD9hY3Rpb249bGlzdCZkYXRhJTVCdXNlcl9pZCU1RD0zNDQ0NDkmZGF0YSU1QnVzZXJfdHlwZSU1RD1hbGwmZGF0YSU1QmFkX2tpbmQlNUQ9YWxsJmRhdGElNUJyYXRlJTVEPXBvc2l0aXZlJmRhdGElNUJwYWdlJTVEPTI%3D&data%5Buser_id%5D=344449&data%5Buser_type%5D=all&data%5Bad_kind%5D=all&data%5Brate%5D=positive&data%5Bpage%5D=1","09.01.2020","Acrylni Box za Termometar W1209","https://www.kupujemprodajem.com/review.php?action=list&return_url=cmV2aWV3LnBocD9hY3Rpb249bGlzdCZkYXRhJTVCdXNlcl9pZCU1RD0zNDQ0NDkmZGF0YSU1QnVzZXJfdHlwZSU1RD1hbGwmZGF0YSU1QmFkX2tpbmQlNUQ9YWxsJmRhdGElNUJyYXRlJTVEPXBvc2l0aXZlJmRhdGElNUJwYWdlJTVEPTI%3D&data%5Buser_id%5D=344449&data%5Buser_type%5D=all&data%5Bad_kind%5D=all&data%5Brate%5D=positive&data%5Bpage%5D=1"
"https://www.kupujemprodajem.com/review.php?action=list&return_url=cmV2aWV3LnBocD9hY3Rpb249bGlzdCZkYXRhJTVCdXNlcl9pZCU1RD0zNDQ0NDkmZGF0YSU1QnVzZXJfdHlwZSU1RD1hbGwmZGF0YSU1QmFkX2tpbmQlNUQ9YWxsJmRhdGElNUJyYXRlJTVEPXBvc2l0aXZlJmRhdGElNUJwYWdlJTVEPTI%3D&data%5Buser_id%5D=344449&data%5Buser_type%5D=all&data%5Bad_kind%5D=all&data%5Brate%5D=positive&data%5Bpage%5D=1","09.01.2020","Diode 1N4001 DO-41 5kom","https://www.kupujemprodajem.com/review.php?action=list&return_url=cmV2aWV3LnBocD9hY3Rpb249bGlzdCZkYXRhJTVCdXNlcl9pZCU1RD0zNDQ0NDkmZGF0YSU1QnVzZXJfdHlwZSU1RD1hbGwmZGF0YSU1QmFkX2tpbmQlNUQ9YWxsJmRhdGElNUJyYXRlJTVEPXBvc2l0aXZlJmRhdGElNUJwYWdlJTVEPTI%3D&data%5Buser_id%5D=344449&data%5Buser_type%5D=all&data%5Bad_kind%5D=all&data%5Brate%5D=positive&data%5Bpage%5D=1"
"https://www.kupujemprodajem.com/review.php?action=list&return_url=cmV2aWV3LnBocD9hY3Rpb249bGlzdCZkYXRhJTVCdXNlcl9pZCU1RD0zNDQ0NDkmZGF0YSU1QnVzZXJfdHlwZSU1RD1hbGwmZGF0YSU1QmFkX2tpbmQlNUQ9YWxsJmRhdGElNUJyYXRlJTVEPXBvc2l0aXZlJmRhdGElNUJwYWdlJTVEPTI%3D&data%5Buser_id%5D=344449&data%5Buser_type%5D=all&data%5Bad_kind%5D=all&data%5Brate%5D=positive&data%5Bpage%5D=1","06.01.2020","Arduino NANO V3.0","https://www.kupujemprodajem.com/review.php?action=list&return_url=cmV2aWV3LnBocD9hY3Rpb249bGlzdCZkYXRhJTVCdXNlcl9pZCU1RD0zNDQ0NDkmZGF0YSU1QnVzZXJfdHlwZSU1RD1hbGwmZGF0YSU1QmFkX2tpbmQlNUQ9YWxsJmRhdGElNUJyYXRlJTVEPXBvc2l0aXZlJmRhdGElNUJwYWdlJTVEPTI%3D&data%5Buser_id%5D=344449&data%5Buser_type%5D=all&data%5Bad_kind%5D=all&data%5Brate%5D=positive&data%5Bpage%5D=1"
"https://www.kupujemprodajem.com/review.php?action=list&return_url=cmV2aWV3LnBocD9hY3Rpb249bGlzdCZkYXRhJTVCdXNlcl9pZCU1RD0zNDQ0NDkmZGF0YSU1QnVzZXJfdHlwZSU1RD1hbGwmZGF0YSU1QmFkX2tpbmQlNUQ9YWxsJmRhdGElNUJyYXRlJTVEPXBvc2l0aXZlJmRhdGElNUJwYWdlJTVEPTI%3D&data%5Buser_id%5D=344449&data%5Buser_type%5D=all&data%5Bad_kind%5D=all&data%5Brate%5D=positive&data%5Bpage%5D=1","31.12.2019","LED reflektor 20W 12V IP66","https://www.kupujemprodajem.com/review.php?action=list&return_url=cmV2aWV3LnBocD9hY3Rpb249bGlzdCZkYXRhJTVCdXNlcl9pZCU1RD0zNDQ0NDkmZGF0YSU1QnVzZXJfdHlwZSU1RD1hbGwmZGF0YSU1QmFkX2tpbmQlNUQ9YWxsJmRhdGElNUJyYXRlJTVEPXBvc2l0aXZlJmRhdGElNUJwYWdlJTVEPTI%3D&data%5Buser_id%5D=344449&data%5Buser_type%5D=all&data%5Bad_kind%5D=all&data%5Brate%5D=positive&data%5Bpage%5D=1"
"https://www.kupujemprodajem.com/review.php?action=list&return_url=cmV2aWV3LnBocD9hY3Rpb249bGlzdCZkYXRhJTVCdXNlcl9pZCU1RD0zNDQ0NDkmZGF0YSU1QnVzZXJfdHlwZSU1RD1hbGwmZGF0YSU1QmFkX2tpbmQlNUQ9YWxsJmRhdGElNUJyYXRlJTVEPXBvc2l0aXZlJmRhdGElNUJwYWdlJTVEPTI%3D&data%5Buser_id%5D=344449&data%5Buser_type%5D=all&data%5Bad_kind%5D=all&data%5Brate%5D=positive&data%5Bpage%5D=1","27.12.2019","Arduino 5VDCx1 kanalni relejni modul","https://www.kupujemprodajem.com/review.php?action=list&return_url=cmV2aWV3LnBocD9hY3Rpb249bGlzdCZkYXRhJTVCdXNlcl9pZCU1RD0zNDQ0NDkmZGF0YSU1QnVzZXJfdHlwZSU1RD1hbGwmZGF0YSU1QmFkX2tpbmQlNUQ9YWxsJmRhdGElNUJyYXRlJTVEPXBvc2l0aXZlJmRhdGElNUJwYWdlJTVEPTI%3D&data%5Buser_id%5D=344449&data%5Buser_type%5D=all&data%5Bad_kind%5D=all&data%5Brate%5D=positive&data%5Bpage%5D=1"
"https://www.kupujemprodajem.com/review.php?action=list&return_url=cmV2aWV3LnBocD9hY3Rpb249bGlzdCZkYXRhJTVCdXNlcl9pZCU1RD0zNDQ0NDkmZGF0YSU1QnVzZXJfdHlwZSU1RD1hbGwmZGF0YSU1QmFkX2tpbmQlNUQ9YWxsJmRhdGElNUJyYXRlJTVEPXBvc2l0aXZlJmRhdGElNUJwYWdlJTVEPTI%3D&data%5Buser_id%5D=344449&data%5Buser_type%5D=all&data%5Bad_kind%5D=all&data%5Brate%5D=positive&data%5Bpage%5D=1","26.12.2019","TP4056A 1A modul za punjenje litijumske baterije","https://www.kupujemprodajem.com/review.php?action=list&return_url=cmV2aWV3LnBocD9hY3Rpb249bGlzdCZkYXRhJTVCdXNlcl9pZCU1RD0zNDQ0NDkmZGF0YSU1QnVzZXJfdHlwZSU1RD1hbGwmZGF0YSU1QmFkX2tpbmQlNUQ9YWxsJmRhdGElNUJyYXRlJTVEPXBvc2l0aXZlJmRhdGElNUJwYWdlJTVEPTI%3D&data%5Buser_id%5D=344449&data%5Buser_type%5D=all&data%5Bad_kind%5D=all&data%5Brate%5D=positive&data%5Bpage%5D=1"
"https://www.kupujemprodajem.com/review.php?action=list&return_url=cmV2aWV3LnBocD9hY3Rpb249bGlzdCZkYXRhJTVCdXNlcl9pZCU1RD0zNDQ0NDkmZGF0YSU1QnVzZXJfdHlwZSU1RD1hbGwmZGF0YSU1QmFkX2tpbmQlNUQ9YWxsJmRhdGElNUJyYXRlJTVEPXBvc2l0aXZlJmRhdGElNUJwYWdlJTVEPTI%3D&data%5Buser_id%5D=344449&data%5Buser_type%5D=all&data%5Bad_kind%5D=all&data%5Brate%5D=positive&data%5Bpage%5D=1","10.11.2019","Regulator i stabilizator napona 3A-Step Down LM2596S","https://www.kupujemprodajem.com/review.php?action=list&return_url=cmV2aWV3LnBocD9hY3Rpb249bGlzdCZkYXRhJTVCdXNlcl9pZCU1RD0zNDQ0NDkmZGF0YSU1QnVzZXJfdHlwZSU1RD1hbGwmZGF0YSU1QmFkX2tpbmQlNUQ9YWxsJmRhdGElNUJyYXRlJTVEPXBvc2l0aXZlJmRhdGElNUJwYWdlJTVEPTI%3D&data%5Buser_id%5D=344449&data%5Buser_type%5D=all&data%5Bad_kind%5D=all&data%5Brate%5D=positive&data%5Bpage%5D=1"
"https://www.kupujemprodajem.com/review.php?action=list&return_url=cmV2aWV3LnBocD9hY3Rpb249bGlzdCZkYXRhJTVCdXNlcl9pZCU1RD0zNDQ0NDkmZGF0YSU1QnVzZXJfdHlwZSU1RD1hbGwmZGF0YSU1QmFkX2tpbmQlNUQ9YWxsJmRhdGElNUJyYXRlJTVEPXBvc2l0aXZlJmRhdGElNUJwYWdlJTVEPTI%3D&data%5Buser_id%5D=344449&data%5Buser_type%5D=all&data%5Bad_kind%5D=all&data%5Brate%5D=positive&data%5Bpage%5D=1","06.11.2019","ORIGINAL HP punjac 19.5 V 4.62A 90W","https://www.kupujemprodajem.com/review.php?action=list&return_url=cmV2aWV3LnBocD9hY3Rpb249bGlzdCZkYXRhJTVCdXNlcl9pZCU1RD0zNDQ0NDkmZGF0YSU1QnVzZXJfdHlwZSU1RD1hbGwmZGF0YSU1QmFkX2tpbmQlNUQ9YWxsJmRhdGElNUJyYXRlJTVEPXBvc2l0aXZlJmRhdGElNUJwYWdlJTVEPTI%3D&data%5Buser_id%5D=344449&data%5Buser_type%5D=all&data%5Bad_kind%5D=all&data%5Brate%5D=positive&data%5Bpage%5D=1"
"https://www.kupujemprodajem.com/review.php?action=list&return_url=cmV2aWV3LnBocD9hY3Rpb249bGlzdCZkYXRhJTVCdXNlcl9pZCU1RD0zNDQ0NDkmZGF0YSU1QnVzZXJfdHlwZSU1RD1hbGwmZGF0YSU1QmFkX2tpbmQlNUQ9YWxsJmRhdGElNUJyYXRlJTVEPXBvc2l0aXZlJmRhdGElNUJwYWdlJTVEPTI%3D&data%5Buser_id%5D=344449&data%5Buser_type%5D=all&data%5Bad_kind%5D=all&data%5Brate%5D=positive&data%5Bpage%5D=1","20.10.2019","Termometar bimetalni (indikator temperature) za bojler dužin","https://www.kupujemprodajem.com/review.php?action=list&return_url=cmV2aWV3LnBocD9hY3Rpb249bGlzdCZkYXRhJTVCdXNlcl9pZCU1RD0zNDQ0NDkmZGF0YSU1QnVzZXJfdHlwZSU1RD1hbGwmZGF0YSU1QmFkX2tpbmQlNUQ9YWxsJmRhdGElNUJyYXRlJTVEPXBvc2l0aXZlJmRhdGElNUJwYWdlJTVEPTI%3D&data%5Buser_id%5D=344449&data%5Buser_type%5D=all&data%5Bad_kind%5D=all&data%5Brate%5D=positive&data%5Bpage%5D=1"
"https://www.kupujemprodajem.com/review.php?action=list&return_url=cmV2aWV3LnBocD9hY3Rpb249bGlzdCZkYXRhJTVCdXNlcl9pZCU1RD0zNDQ0NDkmZGF0YSU1QnVzZXJfdHlwZSU1RD1hbGwmZGF0YSU1QmFkX2tpbmQlNUQ9YWxsJmRhdGElNUJyYXRlJTVEPXBvc2l0aXZlJmRhdGElNUJwYWdlJTVEPTI%3D&data%5Buser_id%5D=344449&data%5Buser_type%5D=all&data%5Bad_kind%5D=all&data%5Brate%5D=positive&data%5Bpage%5D=1","10.10.2019","ORIGINAL HP punjac 19V 4.74A 90W","https://www.kupujemprodajem.com/review.php?action=list&return_url=cmV2aWV3LnBocD9hY3Rpb249bGlzdCZkYXRhJTVCdXNlcl9pZCU1RD0zNDQ0NDkmZGF0YSU1QnVzZXJfdHlwZSU1RD1hbGwmZGF0YSU1QmFkX2tpbmQlNUQ9YWxsJmRhdGElNUJyYXRlJTVEPXBvc2l0aXZlJmRhdGElNUJwYWdlJTVEPTI%3D&data%5Buser_id%5D=344449&data%5Buser_type%5D=all&data%5Bad_kind%5D=all&data%5Brate%5D=positive&data%5Bpage%5D=1"
"https://www.kupujemprodajem.com/review.php?action=list&return_url=cmV2aWV3LnBocD9hY3Rpb249bGlzdCZkYXRhJTVCdXNlcl9pZCU1RD0zNDQ0NDkmZGF0YSU1QnVzZXJfdHlwZSU1RD1hbGwmZGF0YSU1QmFkX2tpbmQlNUQ9YWxsJmRhdGElNUJyYXRlJTVEPXBvc2l0aXZlJmRhdGElNUJwYWdlJTVEPTI%3D&data%5Buser_id%5D=344449&data%5Buser_type%5D=all&data%5Bad_kind%5D=all&data%5Brate%5D=positive&data%5Bpage%5D=1","02.10.2019","Mala metalna stega REZERVISANO","https://www.kupujemprodajem.com/review.php?action=list&return_url=cmV2aWV3LnBocD9hY3Rpb249bGlzdCZkYXRhJTVCdXNlcl9pZCU1RD0zNDQ0NDkmZGF0YSU1QnVzZXJfdHlwZSU1RD1hbGwmZGF0YSU1QmFkX2tpbmQlNUQ9YWxsJmRhdGElNUJyYXRlJTVEPXBvc2l0aXZlJmRhdGElNUJwYWdlJTVEPTI%3D&data%5Buser_id%5D=344449&data%5Buser_type%5D=all&data%5Bad_kind%5D=all&data%5Brate%5D=positive&data%5Bpage%5D=1"
"https://www.kupujemprodajem.com/review.php?action=list&return_url=cmV2aWV3LnBocD9hY3Rpb249bGlzdCZkYXRhJTVCdXNlcl9pZCU1RD0zNDQ0NDkmZGF0YSU1QnVzZXJfdHlwZSU1RD1hbGwmZGF0YSU1QmFkX2tpbmQlNUQ9YWxsJmRhdGElNUJyYXRlJTVEPXBvc2l0aXZlJmRhdGElNUJwYWdlJTVEPTI%3D&data%5Buser_id%5D=344449&data%5Buser_type%5D=all&data%5Bad_kind%5D=all&data%5Brate%5D=positive&data%5Bpage%5D=1","25.09.2019","Samsung galaxy J6 dual gold full pack TOP STANJE","https://www.kupujemprodajem.com/review.php?action=list&return_url=cmV2aWV3LnBocD9hY3Rpb249bGlzdCZkYXRhJTVCdXNlcl9pZCU1RD0zNDQ0NDkmZGF0YSU1QnVzZXJfdHlwZSU1RD1hbGwmZGF0YSU1QmFkX2tpbmQlNUQ9YWxsJmRhdGElNUJyYXRlJTVEPXBvc2l0aXZlJmRhdGElNUJwYWdlJTVEPTI%3D&data%5Buser_id%5D=344449&data%5Buser_type%5D=all&data%5Bad_kind%5D=all&data%5Brate%5D=positive&data%5Bpage%5D=1"
"https://www.kupujemprodajem.com/review.php?action=list&return_url=cmV2aWV3LnBocD9hY3Rpb249bGlzdCZkYXRhJTVCdXNlcl9pZCU1RD0zNDQ0NDkmZGF0YSU1QnVzZXJfdHlwZSU1RD1hbGwmZGF0YSU1QmFkX2tpbmQlNUQ9YWxsJmRhdGElNUJyYXRlJTVEPXBvc2l0aXZlJmRhdGElNUJwYWdlJTVEPTI%3D&data%5Buser_id%5D=344449&data%5Buser_type%5D=all&data%5Bad_kind%5D=all&data%5Brate%5D=positive&data%5Bpage%5D=1","19.09.2019","Dvoslojna pertinaks pločica 5X7 cm","https://www.kupujemprodajem.com/review.php?action=list&return_url=cmV2aWV3LnBocD9hY3Rpb249bGlzdCZkYXRhJTVCdXNlcl9pZCU1RD0zNDQ0NDkmZGF0YSU1QnVzZXJfdHlwZSU1RD1hbGwmZGF0YSU1QmFkX2tpbmQlNUQ9YWxsJmRhdGElNUJyYXRlJTVEPXBvc2l0aXZlJmRhdGElNUJwYWdlJTVEPTI%3D&data%5Buser_id%5D=344449&data%5Buser_type%5D=all&data%5Bad_kind%5D=all&data%5Brate%5D=positive&data%5Bpage%5D=1"
"https://www.kupujemprodajem.com/review.php?action=list&return_url=cmV2aWV3LnBocD9hY3Rpb249bGlzdCZkYXRhJTVCdXNlcl9pZCU1RD0zNDQ0NDkmZGF0YSU1QnVzZXJfdHlwZSU1RD1hbGwmZGF0YSU1QmFkX2tpbmQlNUQ9YWxsJmRhdGElNUJyYXRlJTVEPXBvc2l0aXZlJmRhdGElNUJwYWdlJTVEPTI%3D&data%5Buser_id%5D=344449&data%5Buser_type%5D=all&data%5Bad_kind%5D=all&data%5Brate%5D=positive&data%5Bpage%5D=1","11.09.2019","ORIGINAL HP punjac 19.5V 3.3A 65W","https://www.kupujemprodajem.com/review.php?action=list&return_url=cmV2aWV3LnBocD9hY3Rpb249bGlzdCZkYXRhJTVCdXNlcl9pZCU1RD0zNDQ0NDkmZGF0YSU1QnVzZXJfdHlwZSU1RD1hbGwmZGF0YSU1QmFkX2tpbmQlNUQ9YWxsJmRhdGElNUJyYXRlJTVEPXBvc2l0aXZlJmRhdGElNUJwYWdlJTVEPTI%3D&data%5Buser_id%5D=344449&data%5Buser_type%5D=all&data%5Bad_kind%5D=all&data%5Brate%5D=positive&data%5Bpage%5D=1"
"https://www.kupujemprodajem.com/review.php?action=list&return_url=cmV2aWV3LnBocD9hY3Rpb249bGlzdCZkYXRhJTVCdXNlcl9pZCU1RD0zNDQ0NDkmZGF0YSU1QnVzZXJfdHlwZSU1RD1hbGwmZGF0YSU1QmFkX2tpbmQlNUQ9YWxsJmRhdGElNUJyYXRlJTVEPXBvc2l0aXZlJmRhdGElNUJwYWdlJTVEPTI%3D&data%5Buser_id%5D=344449&data%5Buser_type%5D=all&data%5Bad_kind%5D=all&data%5Brate%5D=positive&data%5Bpage%5D=1","11.09.2019","5.5mm x 2.1mm konektor muski","https://www.kupujemprodajem.com/review.php?action=list&return_url=cmV2aWV3LnBocD9hY3Rpb249bGlzdCZkYXRhJTVCdXNlcl9pZCU1RD0zNDQ0NDkmZGF0YSU1QnVzZXJfdHlwZSU1RD1hbGwmZGF0YSU1QmFkX2tpbmQlNUQ9YWxsJmRhdGElNUJyYXRlJTVEPXBvc2l0aXZlJmRhdGElNUJwYWdlJTVEPTI%3D&data%5Buser_id%5D=344449&data%5Buser_type%5D=all&data%5Bad_kind%5D=all&data%5Brate%5D=positive&data%5Bpage%5D=1"
"https://www.kupujemprodajem.com/review.php?action=list&return_url=cmV2aWV3LnBocD9hY3Rpb249bGlzdCZkYXRhJTVCdXNlcl9pZCU1RD0zNDQ0NDkmZGF0YSU1QnVzZXJfdHlwZSU1RD1hbGwmZGF0YSU1QmFkX2tpbmQlNUQ9YWxsJmRhdGElNUJyYXRlJTVEPXBvc2l0aXZlJmRhdGElNUJwYWdlJTVEPTI%3D&data%5Buser_id%5D=344449&data%5Buser_type%5D=all&data%5Bad_kind%5D=all&data%5Brate%5D=positive&data%5Bpage%5D=1","29.08.2019","TP4056 1A modul za punjenje litijumske baterije","https://www.kupujemprodajem.com/review.php?action=list&return_url=cmV2aWV3LnBocD9hY3Rpb249bGlzdCZkYXRhJTVCdXNlcl9pZCU1RD0zNDQ0NDkmZGF0YSU1QnVzZXJfdHlwZSU1RD1hbGwmZGF0YSU1QmFkX2tpbmQlNUQ9YWxsJmRhdGElNUJyYXRlJTVEPXBvc2l0aXZlJmRhdGElNUJwYWdlJTVEPTI%3D&data%5Buser_id%5D=344449&data%5Buser_type%5D=all&data%5Bad_kind%5D=all&data%5Brate%5D=positive&data%5Bpage%5D=1"
"https://www.kupujemprodajem.com/review.php?action=list&return_url=cmV2aWV3LnBocD9hY3Rpb249bGlzdCZkYXRhJTVCdXNlcl9pZCU1RD0zNDQ0NDkmZGF0YSU1QnVzZXJfdHlwZSU1RD1hbGwmZGF0YSU1QmFkX2tpbmQlNUQ9YWxsJmRhdGElNUJyYXRlJTVEPXBvc2l0aXZlJmRhdGElNUJwYWdlJTVEPTI%3D&data%5Buser_id%5D=344449&data%5Buser_type%5D=all&data%5Bad_kind%5D=all&data%5Brate%5D=positive&data%5Bpage%5D=1","22.08.2019","L7805CV regulator napona","https://www.kupujemprodajem.com/review.php?action=list&return_url=cmV2aWV3LnBocD9hY3Rpb249bGlzdCZkYXRhJTVCdXNlcl9pZCU1RD0zNDQ0NDkmZGF0YSU1QnVzZXJfdHlwZSU1RD1hbGwmZGF0YSU1QmFkX2tpbmQlNUQ9YWxsJmRhdGElNUJyYXRlJTVEPXBvc2l0aXZlJmRhdGElNUJwYWdlJTVEPTI%3D&data%5Buser_id%5D=344449&data%5Buser_type%5D=all&data%5Bad_kind%5D=all&data%5Brate%5D=positive&data%5Bpage%5D=1"
"https://www.kupujemprodajem.com/review.php?action=list&return_url=cmV2aWV3LnBocD9hY3Rpb249bGlzdCZkYXRhJTVCdXNlcl9pZCU1RD0zNDQ0NDkmZGF0YSU1QnVzZXJfdHlwZSU1RD1hbGwmZGF0YSU1QmFkX2tpbmQlNUQ9YWxsJmRhdGElNUJyYXRlJTVEPXBvc2l0aXZlJmRhdGElNUJwYWdlJTVEPTI%3D&data%5Buser_id%5D=344449&data%5Buser_type%5D=all&data%5Bad_kind%5D=all&data%5Brate%5D=positive&data%5Bpage%5D=2","15.08.2019","WH148 Linearni Potenciometar B10K","https://www.kupujemprodajem.com/review.php?action=list&return_url=cmV2aWV3LnBocD9hY3Rpb249bGlzdCZkYXRhJTVCdXNlcl9pZCU1RD0zNDQ0NDkmZGF0YSU1QnVzZXJfdHlwZSU1RD1hbGwmZGF0YSU1QmFkX2tpbmQlNUQ9YWxsJmRhdGElNUJyYXRlJTVEPXBvc2l0aXZlJmRhdGElNUJwYWdlJTVEPTI%3D&data%5Buser_id%5D=344449&data%5Buser_type%5D=all&data%5Bad_kind%5D=all&data%5Brate%5D=positive&data%5Bpage%5D=2"
"https://www.kupujemprodajem.com/review.php?action=list&return_url=cmV2aWV3LnBocD9hY3Rpb249bGlzdCZkYXRhJTVCdXNlcl9pZCU1RD0zNDQ0NDkmZGF0YSU1QnVzZXJfdHlwZSU1RD1hbGwmZGF0YSU1QmFkX2tpbmQlNUQ9YWxsJmRhdGElNUJyYXRlJTVEPXBvc2l0aXZlJmRhdGElNUJwYWdlJTVEPTI%3D&data%5Buser_id%5D=344449&data%5Buser_type%5D=all&data%5Bad_kind%5D=all&data%5Brate%5D=positive&data%5Bpage%5D=2","06.08.2019","WH148 Linearni Potenciometar B10K","https://www.kupujemprodajem.com/review.php?action=list&return_url=cmV2aWV3LnBocD9hY3Rpb249bGlzdCZkYXRhJTVCdXNlcl9pZCU1RD0zNDQ0NDkmZGF0YSU1QnVzZXJfdHlwZSU1RD1hbGwmZGF0YSU1QmFkX2tpbmQlNUQ9YWxsJmRhdGElNUJyYXRlJTVEPXBvc2l0aXZlJmRhdGElNUJwYWdlJTVEPTI%3D&data%5Buser_id%5D=344449&data%5Buser_type%5D=all&data%5Bad_kind%5D=all&data%5Brate%5D=positive&data%5Bpage%5D=2"
"https://www.kupujemprodajem.com/review.php?action=list&return_url=cmV2aWV3LnBocD9hY3Rpb249bGlzdCZkYXRhJTVCdXNlcl9pZCU1RD0zNDQ0NDkmZGF0YSU1QnVzZXJfdHlwZSU1RD1hbGwmZGF0YSU1QmFkX2tpbmQlNUQ9YWxsJmRhdGElNUJyYXRlJTVEPXBvc2l0aXZlJmRhdGElNUJwYWdlJTVEPTI%3D&data%5Buser_id%5D=344449&data%5Buser_type%5D=all&data%5Bad_kind%5D=all&data%5Brate%5D=positive&data%5Bpage%5D=2","01.08.2019","Regulator i stabilizator napona 2A-Step Down LM2596S","https://www.kupujemprodajem.com/review.php?action=list&return_url=cmV2aWV3LnBocD9hY3Rpb249bGlzdCZkYXRhJTVCdXNlcl9pZCU1RD0zNDQ0NDkmZGF0YSU1QnVzZXJfdHlwZSU1RD1hbGwmZGF0YSU1QmFkX2tpbmQlNUQ9YWxsJmRhdGElNUJyYXRlJTVEPXBvc2l0aXZlJmRhdGElNUJwYWdlJTVEPTI%3D&data%5Buser_id%5D=344449&data%5Buser_type%5D=all&data%5Bad_kind%5D=all&data%5Brate%5D=positive&data%5Bpage%5D=2"
"https://www.kupujemprodajem.com/review.php?action=list&return_url=cmV2aWV3LnBocD9hY3Rpb249bGlzdCZkYXRhJTVCdXNlcl9pZCU1RD0zNDQ0NDkmZGF0YSU1QnVzZXJfdHlwZSU1RD1hbGwmZGF0YSU1QmFkX2tpbmQlNUQ9YWxsJmRhdGElNUJyYXRlJTVEPXBvc2l0aXZlJmRhdGElNUJwYWdlJTVEPTI%3D&data%5Buser_id%5D=344449&data%5Buser_type%5D=all&data%5Bad_kind%5D=all&data%5Brate%5D=positive&data%5Bpage%5D=2","31.07.2019","5V 2-Channel Relay Module Shield For Arduino","https://www.kupujemprodajem.com/review.php?action=list&return_url=cmV2aWV3LnBocD9hY3Rpb249bGlzdCZkYXRhJTVCdXNlcl9pZCU1RD0zNDQ0NDkmZGF0YSU1QnVzZXJfdHlwZSU1RD1hbGwmZGF0YSU1QmFkX2tpbmQlNUQ9YWxsJmRhdGElNUJyYXRlJTVEPXBvc2l0aXZlJmRhdGElNUJwYWdlJTVEPTI%3D&data%5Buser_id%5D=344449&data%5Buser_type%5D=all&data%5Bad_kind%5D=all&data%5Brate%5D=positive&data%5Bpage%5D=2"
"https://www.kupujemprodajem.com/review.php?action=list&return_url=cmV2aWV3LnBocD9hY3Rpb249bGlzdCZkYXRhJTVCdXNlcl9pZCU1RD0zNDQ0NDkmZGF0YSU1QnVzZXJfdHlwZSU1RD1hbGwmZGF0YSU1QmFkX2tpbmQlNUQ9YWxsJmRhdGElNUJyYXRlJTVEPXBvc2l0aXZlJmRhdGElNUJwYWdlJTVEPTI%3D&data%5Buser_id%5D=344449&data%5Buser_type%5D=all&data%5Bad_kind%5D=all&data%5Brate%5D=positive&data%5Bpage%5D=2","05.07.2019","Step Down regulator napona i struje XL4015 5A","https://www.kupujemprodajem.com/review.php?action=list&return_url=cmV2aWV3LnBocD9hY3Rpb249bGlzdCZkYXRhJTVCdXNlcl9pZCU1RD0zNDQ0NDkmZGF0YSU1QnVzZXJfdHlwZSU1RD1hbGwmZGF0YSU1QmFkX2tpbmQlNUQ9YWxsJmRhdGElNUJyYXRlJTVEPXBvc2l0aXZlJmRhdGElNUJwYWdlJTVEPTI%3D&data%5Buser_id%5D=344449&data%5Buser_type%5D=all&data%5Bad_kind%5D=all&data%5Brate%5D=positive&data%5Bpage%5D=2"
"https://www.kupujemprodajem.com/review.php?action=list&return_url=cmV2aWV3LnBocD9hY3Rpb249bGlzdCZkYXRhJTVCdXNlcl9pZCU1RD0zNDQ0NDkmZGF0YSU1QnVzZXJfdHlwZSU1RD1hbGwmZGF0YSU1QmFkX2tpbmQlNUQ9YWxsJmRhdGElNUJyYXRlJTVEPXBvc2l0aXZlJmRhdGElNUJwYWdlJTVEPTI%3D&data%5Buser_id%5D=344449&data%5Buser_type%5D=all&data%5Bad_kind%5D=all&data%5Brate%5D=positive&data%5Bpage%5D=2","17.06.2019","LCD Display Modul 16x2/I2C GREEN/BLUE","https://www.kupujemprodajem.com/review.php?action=list&return_url=cmV2aWV3LnBocD9hY3Rpb249bGlzdCZkYXRhJTVCdXNlcl9pZCU1RD0zNDQ0NDkmZGF0YSU1QnVzZXJfdHlwZSU1RD1hbGwmZGF0YSU1QmFkX2tpbmQlNUQ9YWxsJmRhdGElNUJyYXRlJTVEPXBvc2l0aXZlJmRhdGElNUJwYWdlJTVEPTI%3D&data%5Buser_id%5D=344449&data%5Buser_type%5D=all&data%5Bad_kind%5D=all&data%5Brate%5D=positive&data%5Bpage%5D=2"
"https://www.kupujemprodajem.com/review.php?action=list&return_url=cmV2aWV3LnBocD9hY3Rpb249bGlzdCZkYXRhJTVCdXNlcl9pZCU1RD0zNDQ0NDkmZGF0YSU1QnVzZXJfdHlwZSU1RD1hbGwmZGF0YSU1QmFkX2tpbmQlNUQ9YWxsJmRhdGElNUJyYXRlJTVEPXBvc2l0aXZlJmRhdGElNUJwYWdlJTVEPTI%3D&data%5Buser_id%5D=344449&data%5Buser_type%5D=all&data%5Bad_kind%5D=all&data%5Brate%5D=positive&data%5Bpage%5D=2","11.06.2019","Autoradio ELEMENT MP3 USB NOVO","https://www.kupujemprodajem.com/review.php?action=list&return_url=cmV2aWV3LnBocD9hY3Rpb249bGlzdCZkYXRhJTVCdXNlcl9pZCU1RD0zNDQ0NDkmZGF0YSU1QnVzZXJfdHlwZSU1RD1hbGwmZGF0YSU1QmFkX2tpbmQlNUQ9YWxsJmRhdGElNUJyYXRlJTVEPXBvc2l0aXZlJmRhdGElNUJwYWdlJTVEPTI%3D&data%5Buser_id%5D=344449&data%5Buser_type%5D=all&data%5Bad_kind%5D=all&data%5Brate%5D=positive&data%5Bpage%5D=2"
"https://www.kupujemprodajem.com/review.php?action=list&return_url=cmV2aWV3LnBocD9hY3Rpb249bGlzdCZkYXRhJTVCdXNlcl9pZCU1RD0zNDQ0NDkmZGF0YSU1QnVzZXJfdHlwZSU1RD1hbGwmZGF0YSU1QmFkX2tpbmQlNUQ9YWxsJmRhdGElNUJyYXRlJTVEPXBvc2l0aXZlJmRhdGElNUJwYWdlJTVEPTI%3D&data%5Buser_id%5D=344449&data%5Buser_type%5D=all&data%5Bad_kind%5D=all&data%5Brate%5D=positive&data%5Bpage%5D=2","24.05.2019","LCD Display Modul 16x2/I2C GREEN","https://www.kupujemprodajem.com/review.php?action=list&return_url=cmV2aWV3LnBocD9hY3Rpb249bGlzdCZkYXRhJTVCdXNlcl9pZCU1RD0zNDQ0NDkmZGF0YSU1QnVzZXJfdHlwZSU1RD1hbGwmZGF0YSU1QmFkX2tpbmQlNUQ9YWxsJmRhdGElNUJyYXRlJTVEPXBvc2l0aXZlJmRhdGElNUJwYWdlJTVEPTI%3D&data%5Buser_id%5D=344449&data%5Buser_type%5D=all&data%5Bad_kind%5D=all&data%5Brate%5D=positive&data%5Bpage%5D=2"
"https://www.kupujemprodajem.com/review.php?action=list&return_url=cmV2aWV3LnBocD9hY3Rpb249bGlzdCZkYXRhJTVCdXNlcl9pZCU1RD0zNDQ0NDkmZGF0YSU1QnVzZXJfdHlwZSU1RD1hbGwmZGF0YSU1QmFkX2tpbmQlNUQ9YWxsJmRhdGElNUJyYXRlJTVEPXBvc2l0aXZlJmRhdGElNUJwYWdlJTVEPTI%3D&data%5Buser_id%5D=344449&data%5Buser_type%5D=all&data%5Bad_kind%5D=all&data%5Brate%5D=positive&data%5Bpage%5D=2","22.05.2019","Led diode 3mm , 5mm","https://www.kupujemprodajem.com/review.php?action=list&return_url=cmV2aWV3LnBocD9hY3Rpb249bGlzdCZkYXRhJTVCdXNlcl9pZCU1RD0zNDQ0NDkmZGF0YSU1QnVzZXJfdHlwZSU1RD1hbGwmZGF0YSU1QmFkX2tpbmQlNUQ9YWxsJmRhdGElNUJyYXRlJTVEPXBvc2l0aXZlJmRhdGElNUJwYWdlJTVEPTI%3D&data%5Buser_id%5D=344449&data%5Buser_type%5D=all&data%5Bad_kind%5D=all&data%5Brate%5D=positive&data%5Bpage%5D=2"
"https://www.kupujemprodajem.com/review.php?action=list&return_url=cmV2aWV3LnBocD9hY3Rpb249bGlzdCZkYXRhJTVCdXNlcl9pZCU1RD0zNDQ0NDkmZGF0YSU1QnVzZXJfdHlwZSU1RD1hbGwmZGF0YSU1QmFkX2tpbmQlNUQ9YWxsJmRhdGElNUJyYXRlJTVEPXBvc2l0aXZlJmRhdGElNUJwYWdlJTVEPTI%3D&data%5Buser_id%5D=344449&data%5Buser_type%5D=all&data%5Bad_kind%5D=all&data%5Brate%5D=positive&data%5Bpage%5D=2","03.05.2019","Delimano Slavina-Bojler 2in1","https://www.kupujemprodajem.com/review.php?action=list&return_url=cmV2aWV3LnBocD9hY3Rpb249bGlzdCZkYXRhJTVCdXNlcl9pZCU1RD0zNDQ0NDkmZGF0YSU1QnVzZXJfdHlwZSU1RD1hbGwmZGF0YSU1QmFkX2tpbmQlNUQ9YWxsJmRhdGElNUJyYXRlJTVEPXBvc2l0aXZlJmRhdGElNUJwYWdlJTVEPTI%3D&data%5Buser_id%5D=344449&data%5Buser_type%5D=all&data%5Bad_kind%5D=all&data%5Brate%5D=positive&data%5Bpage%5D=2"
"https://www.kupujemprodajem.com/review.php?action=list&return_url=cmV2aWV3LnBocD9hY3Rpb249bGlzdCZkYXRhJTVCdXNlcl9pZCU1RD0zNDQ0NDkmZGF0YSU1QnVzZXJfdHlwZSU1RD1hbGwmZGF0YSU1QmFkX2tpbmQlNUQ9YWxsJmRhdGElNUJyYXRlJTVEPXBvc2l0aXZlJmRhdGElNUJwYWdlJTVEPTI%3D&data%5Buser_id%5D=344449&data%5Buser_type%5D=all&data%5Bad_kind%5D=all&data%5Brate%5D=positive&data%5Bpage%5D=2","30.04.2019","Monofazni strujomer","https://www.kupujemprodajem.com/review.php?action=list&return_url=cmV2aWV3LnBocD9hY3Rpb249bGlzdCZkYXRhJTVCdXNlcl9pZCU1RD0zNDQ0NDkmZGF0YSU1QnVzZXJfdHlwZSU1RD1hbGwmZGF0YSU1QmFkX2tpbmQlNUQ9YWxsJmRhdGElNUJyYXRlJTVEPXBvc2l0aXZlJmRhdGElNUJwYWdlJTVEPTI%3D&data%5Buser_id%5D=344449&data%5Buser_type%5D=all&data%5Bad_kind%5D=all&data%5Brate%5D=positive&data%5Bpage%5D=2"
"https://www.kupujemprodajem.com/review.php?action=list&return_url=cmV2aWV3LnBocD9hY3Rpb249bGlzdCZkYXRhJTVCdXNlcl9pZCU1RD0zNDQ0NDkmZGF0YSU1QnVzZXJfdHlwZSU1RD1hbGwmZGF0YSU1QmFkX2tpbmQlNUQ9YWxsJmRhdGElNUJyYXRlJTVEPXBvc2l0aXZlJmRhdGElNUJwYWdlJTVEPTI%3D&data%5Buser_id%5D=344449&data%5Buser_type%5D=all&data%5Bad_kind%5D=all&data%5Brate%5D=positive&data%5Bpage%5D=2","25.04.2019","5V 2-Channel Relay Module Shield For Arduino","https://www.kupujemprodajem.com/review.php?action=list&return_url=cmV2aWV3LnBocD9hY3Rpb249bGlzdCZkYXRhJTVCdXNlcl9pZCU1RD0zNDQ0NDkmZGF0YSU1QnVzZXJfdHlwZSU1RD1hbGwmZGF0YSU1QmFkX2tpbmQlNUQ9YWxsJmRhdGElNUJyYXRlJTVEPXBvc2l0aXZlJmRhdGElNUJwYWdlJTVEPTI%3D&data%5Buser_id%5D=344449&data%5Buser_type%5D=all&data%5Bad_kind%5D=all&data%5Brate%5D=positive&data%5Bpage%5D=2"
"https://www.kupujemprodajem.com/review.php?action=list&return_url=cmV2aWV3LnBocD9hY3Rpb249bGlzdCZkYXRhJTVCdXNlcl9pZCU1RD0zNDQ0NDkmZGF0YSU1QnVzZXJfdHlwZSU1RD1hbGwmZGF0YSU1QmFkX2tpbmQlNUQ9YWxsJmRhdGElNUJyYXRlJTVEPXBvc2l0aXZlJmRhdGElNUJwYWdlJTVEPTI%3D&data%5Buser_id%5D=344449&data%5Buser_type%5D=all&data%5Bad_kind%5D=all&data%5Brate%5D=positive&data%5Bpage%5D=2","20.04.2019","Jednoručna komanda MARINER","https://www.kupujemprodajem.com/review.php?action=list&return_url=cmV2aWV3LnBocD9hY3Rpb249bGlzdCZkYXRhJTVCdXNlcl9pZCU1RD0zNDQ0NDkmZGF0YSU1QnVzZXJfdHlwZSU1RD1hbGwmZGF0YSU1QmFkX2tpbmQlNUQ9YWxsJmRhdGElNUJyYXRlJTVEPXBvc2l0aXZlJmRhdGElNUJwYWdlJTVEPTI%3D&data%5Buser_id%5D=344449&data%5Buser_type%5D=all&data%5Bad_kind%5D=all&data%5Brate%5D=positive&data%5Bpage%5D=2"
"https://www.kupujemprodajem.com/review.php?action=list&return_url=cmV2aWV3LnBocD9hY3Rpb249bGlzdCZkYXRhJTVCdXNlcl9pZCU1RD0zNDQ0NDkmZGF0YSU1QnVzZXJfdHlwZSU1RD1hbGwmZGF0YSU1QmFkX2tpbmQlNUQ9YWxsJmRhdGElNUJyYXRlJTVEPXBvc2l0aXZlJmRhdGElNUJwYWdlJTVEPTI%3D&data%5Buser_id%5D=344449&data%5Buser_type%5D=all&data%5Bad_kind%5D=all&data%5Brate%5D=positive&data%5Bpage%5D=2","11.04.2019","Arduino NANO V3.0","https://www.kupujemprodajem.com/review.php?action=list&return_url=cmV2aWV3LnBocD9hY3Rpb249bGlzdCZkYXRhJTVCdXNlcl9pZCU1RD0zNDQ0NDkmZGF0YSU1QnVzZXJfdHlwZSU1RD1hbGwmZGF0YSU1QmFkX2tpbmQlNUQ9YWxsJmRhdGElNUJyYXRlJTVEPXBvc2l0aXZlJmRhdGElNUJwYWdlJTVEPTI%3D&data%5Buser_id%5D=344449&data%5Buser_type%5D=all&data%5Bad_kind%5D=all&data%5Brate%5D=positive&data%5Bpage%5D=2"
"https://www.kupujemprodajem.com/review.php?action=list&return_url=cmV2aWV3LnBocD9hY3Rpb249bGlzdCZkYXRhJTVCdXNlcl9pZCU1RD0zNDQ0NDkmZGF0YSU1QnVzZXJfdHlwZSU1RD1hbGwmZGF0YSU1QmFkX2tpbmQlNUQ9YWxsJmRhdGElNUJyYXRlJTVEPXBvc2l0aXZlJmRhdGElNUJwYWdlJTVEPTI%3D&data%5Buser_id%5D=344449&data%5Buser_type%5D=all&data%5Bad_kind%5D=all&data%5Brate%5D=positive&data%5Bpage%5D=2","06.04.2019","Regulator i stabilizator napona 2A-Step Down LM2596S","https://www.kupujemprodajem.com/review.php?action=list&return_url=cmV2aWV3LnBocD9hY3Rpb249bGlzdCZkYXRhJTVCdXNlcl9pZCU1RD0zNDQ0NDkmZGF0YSU1QnVzZXJfdHlwZSU1RD1hbGwmZGF0YSU1QmFkX2tpbmQlNUQ9YWxsJmRhdGElNUJyYXRlJTVEPXBvc2l0aXZlJmRhdGElNUJwYWdlJTVEPTI%3D&data%5Buser_id%5D=344449&data%5Buser_type%5D=all&data%5Bad_kind%5D=all&data%5Brate%5D=positive&data%5Bpage%5D=2"
"https://www.kupujemprodajem.com/review.php?action=list&return_url=cmV2aWV3LnBocD9hY3Rpb249bGlzdCZkYXRhJTVCdXNlcl9pZCU1RD0zNDQ0NDkmZGF0YSU1QnVzZXJfdHlwZSU1RD1hbGwmZGF0YSU1QmFkX2tpbmQlNUQ9YWxsJmRhdGElNUJyYXRlJTVEPXBvc2l0aXZlJmRhdGElNUJwYWdlJTVEPTI%3D&data%5Buser_id%5D=344449&data%5Buser_type%5D=all&data%5Bad_kind%5D=all&data%5Brate%5D=positive&data%5Bpage%5D=2","28.03.2019","Arduino Senzor napona","https://www.kupujemprodajem.com/review.php?action=list&return_url=cmV2aWV3LnBocD9hY3Rpb249bGlzdCZkYXRhJTVCdXNlcl9pZCU1RD0zNDQ0NDkmZGF0YSU1QnVzZXJfdHlwZSU1RD1hbGwmZGF0YSU1QmFkX2tpbmQlNUQ9YWxsJmRhdGElNUJyYXRlJTVEPXBvc2l0aXZlJmRhdGElNUJwYWdlJTVEPTI%3D&data%5Buser_id%5D=344449&data%5Buser_type%5D=all&data%5Bad_kind%5D=all&data%5Brate%5D=positive&data%5Bpage%5D=2"
"https://www.kupujemprodajem.com/review.php?action=list&return_url=cmV2aWV3LnBocD9hY3Rpb249bGlzdCZkYXRhJTVCdXNlcl9pZCU1RD0zNDQ0NDkmZGF0YSU1QnVzZXJfdHlwZSU1RD1hbGwmZGF0YSU1QmFkX2tpbmQlNUQ9YWxsJmRhdGElNUJyYXRlJTVEPXBvc2l0aXZlJmRhdGElNUJwYWdlJTVEPTI%3D&data%5Buser_id%5D=344449&data%5Buser_type%5D=all&data%5Bad_kind%5D=all&data%5Brate%5D=positive&data%5Bpage%5D=2","25.03.2019","Regulator i stabilizator napona 3A-Step Down LM2596S","https://www.kupujemprodajem.com/review.php?action=list&return_url=cmV2aWV3LnBocD9hY3Rpb249bGlzdCZkYXRhJTVCdXNlcl9pZCU1RD0zNDQ0NDkmZGF0YSU1QnVzZXJfdHlwZSU1RD1hbGwmZGF0YSU1QmFkX2tpbmQlNUQ9YWxsJmRhdGElNUJyYXRlJTVEPXBvc2l0aXZlJmRhdGElNUJwYWdlJTVEPTI%3D&data%5Buser_id%5D=344449&data%5Buser_type%5D=all&data%5Bad_kind%5D=all&data%5Brate%5D=positive&data%5Bpage%5D=2"
"https://www.kupujemprodajem.com/review.php?action=list&return_url=cmV2aWV3LnBocD9hY3Rpb249bGlzdCZkYXRhJTVCdXNlcl9pZCU1RD0zNDQ0NDkmZGF0YSU1QnVzZXJfdHlwZSU1RD1hbGwmZGF0YSU1QmFkX2tpbmQlNUQ9YWxsJmRhdGElNUJyYXRlJTVEPXBvc2l0aXZlJmRhdGElNUJwYWdlJTVEPTI%3D&data%5Buser_id%5D=344449&data%5Buser_type%5D=all&data%5Bad_kind%5D=all&data%5Brate%5D=positive&data%5Bpage%5D=2","14.02.2019","Viseobrtni trimer potenciometar","https://www.kupujemprodajem.com/review.php?action=list&return_url=cmV2aWV3LnBocD9hY3Rpb249bGlzdCZkYXRhJTVCdXNlcl9pZCU1RD0zNDQ0NDkmZGF0YSU1QnVzZXJfdHlwZSU1RD1hbGwmZGF0YSU1QmFkX2tpbmQlNUQ9YWxsJmRhdGElNUJyYXRlJTVEPXBvc2l0aXZlJmRhdGElNUJwYWdlJTVEPTI%3D&data%5Buser_id%5D=344449&data%5Buser_type%5D=all&data%5Bad_kind%5D=all&data%5Brate%5D=positive&data%5Bpage%5D=2"
"https://www.kupujemprodajem.com/review.php?action=list&return_url=cmV2aWV3LnBocD9hY3Rpb249bGlzdCZkYXRhJTVCdXNlcl9pZCU1RD0zNDQ0NDkmZGF0YSU1QnVzZXJfdHlwZSU1RD1hbGwmZGF0YSU1QmFkX2tpbmQlNUQ9YWxsJmRhdGElNUJyYXRlJTVEPXBvc2l0aXZlJmRhdGElNUJwYWdlJTVEPTI%3D&data%5Buser_id%5D=344449&data%5Buser_type%5D=all&data%5Bad_kind%5D=all&data%5Brate%5D=positive&data%5Bpage%5D=2","14.02.2019","Led diode 3mm , 5mm","https://www.kupujemprodajem.com/review.php?action=list&return_url=cmV2aWV3LnBocD9hY3Rpb249bGlzdCZkYXRhJTVCdXNlcl9pZCU1RD0zNDQ0NDkmZGF0YSU1QnVzZXJfdHlwZSU1RD1hbGwmZGF0YSU1QmFkX2tpbmQlNUQ9YWxsJmRhdGElNUJyYXRlJTVEPXBvc2l0aXZlJmRhdGElNUJwYWdlJTVEPTI%3D&data%5Buser_id%5D=344449&data%5Buser_type%5D=all&data%5Bad_kind%5D=all&data%5Brate%5D=positive&data%5Bpage%5D=2"
"https://www.kupujemprodajem.com/review.php?action=list&return_url=cmV2aWV3LnBocD9hY3Rpb249bGlzdCZkYXRhJTVCdXNlcl9pZCU1RD0zNDQ0NDkmZGF0YSU1QnVzZXJfdHlwZSU1RD1hbGwmZGF0YSU1QmFkX2tpbmQlNUQ9YWxsJmRhdGElNUJyYXRlJTVEPXBvc2l0aXZlJmRhdGElNUJwYWdlJTVEPTI%3D&data%5Buser_id%5D=344449&data%5Buser_type%5D=all&data%5Bad_kind%5D=all&data%5Brate%5D=positive&data%5Bpage%5D=2","06.02.2019","Led diode 3mm , 5mm","https://www.kupujemprodajem.com/review.php?action=list&return_url=cmV2aWV3LnBocD9hY3Rpb249bGlzdCZkYXRhJTVCdXNlcl9pZCU1RD0zNDQ0NDkmZGF0YSU1QnVzZXJfdHlwZSU1RD1hbGwmZGF0YSU1QmFkX2tpbmQlNUQ9YWxsJmRhdGElNUJyYXRlJTVEPXBvc2l0aXZlJmRhdGElNUJwYWdlJTVEPTI%3D&data%5Buser_id%5D=344449&data%5Buser_type%5D=all&data%5Bad_kind%5D=all&data%5Brate%5D=positive&data%5Bpage%5D=2"
"https://www.kupujemprodajem.com/review.php?action=list&return_url=cmV2aWV3LnBocD9hY3Rpb249bGlzdCZkYXRhJTVCdXNlcl9pZCU1RD0zNDQ0NDkmZGF0YSU1QnVzZXJfdHlwZSU1RD1hbGwmZGF0YSU1QmFkX2tpbmQlNUQ9YWxsJmRhdGElNUJyYXRlJTVEPXBvc2l0aXZlJmRhdGElNUJwYWdlJTVEPTI%3D&data%5Buser_id%5D=344449&data%5Buser_type%5D=all&data%5Bad_kind%5D=all&data%5Brate%5D=positive&data%5Bpage%5D=2","01.02.2019","BMS balans elektronika 5S 4.2v","https://www.kupujemprodajem.com/review.php?action=list&return_url=cmV2aWV3LnBocD9hY3Rpb249bGlzdCZkYXRhJTVCdXNlcl9pZCU1RD0zNDQ0NDkmZGF0YSU1QnVzZXJfdHlwZSU1RD1hbGwmZGF0YSU1QmFkX2tpbmQlNUQ9YWxsJmRhdGElNUJyYXRlJTVEPXBvc2l0aXZlJmRhdGElNUJwYWdlJTVEPTI%3D&data%5Buser_id%5D=344449&data%5Buser_type%5D=all&data%5Bad_kind%5D=all&data%5Brate%5D=positive&data%5Bpage%5D=2"
"https://www.kupujemprodajem.com/review.php?action=list&return_url=cmV2aWV3LnBocD9hY3Rpb249bGlzdCZkYXRhJTVCdXNlcl9pZCU1RD0zNDQ0NDkmZGF0YSU1QnVzZXJfdHlwZSU1RD1hbGwmZGF0YSU1QmFkX2tpbmQlNUQ9YWxsJmRhdGElNUJyYXRlJTVEPXBvc2l0aXZlJmRhdGElNUJwYWdlJTVEPTI%3D&data%5Buser_id%5D=344449&data%5Buser_type%5D=all&data%5Bad_kind%5D=all&data%5Brate%5D=positive&data%5Bpage%5D=2","23.01.2019","Led dioda 3mm ljubicasta","https://www.kupujemprodajem.com/review.php?action=list&return_url=cmV2aWV3LnBocD9hY3Rpb249bGlzdCZkYXRhJTVCdXNlcl9pZCU1RD0zNDQ0NDkmZGF0YSU1QnVzZXJfdHlwZSU1RD1hbGwmZGF0YSU1QmFkX2tpbmQlNUQ9YWxsJmRhdGElNUJyYXRlJTVEPXBvc2l0aXZlJmRhdGElNUJwYWdlJTVEPTI%3D&data%5Buser_id%5D=344449&data%5Buser_type%5D=all&data%5Bad_kind%5D=all&data%5Brate%5D=positive&data%5Bpage%5D=2"
"https://www.kupujemprodajem.com/review.php?action=list&return_url=cmV2aWV3LnBocD9hY3Rpb249bGlzdCZkYXRhJTVCdXNlcl9pZCU1RD0zNDQ0NDkmZGF0YSU1QnVzZXJfdHlwZSU1RD1hbGwmZGF0YSU1QmFkX2tpbmQlNUQ9YWxsJmRhdGElNUJyYXRlJTVEPXBvc2l0aXZlJmRhdGElNUJwYWdlJTVEPTI%3D&data%5Buser_id%5D=344449&data%5Buser_type%5D=all&data%5Bad_kind%5D=all&data%5Brate%5D=positive&data%5Bpage%5D=2","16.01.2019","Dvoslojna pertinaks pločica 4X6cm","https://www.kupujemprodajem.com/review.php?action=list&return_url=cmV2aWV3LnBocD9hY3Rpb249bGlzdCZkYXRhJTVCdXNlcl9pZCU1RD0zNDQ0NDkmZGF0YSU1QnVzZXJfdHlwZSU1RD1hbGwmZGF0YSU1QmFkX2tpbmQlNUQ9YWxsJmRhdGElNUJyYXRlJTVEPXBvc2l0aXZlJmRhdGElNUJwYWdlJTVEPTI%3D&data%5Buser_id%5D=344449&data%5Buser_type%5D=all&data%5Bad_kind%5D=all&data%5Brate%5D=positive&data%5Bpage%5D=2"
"https://www.kupujemprodajem.com/review.php?action=list&return_url=cmV2aWV3LnBocD9hY3Rpb249bGlzdCZkYXRhJTVCdXNlcl9pZCU1RD0zNDQ0NDkmZGF0YSU1QnVzZXJfdHlwZSU1RD1hbGwmZGF0YSU1QmFkX2tpbmQlNUQ9YWxsJmRhdGElNUJyYXRlJTVEPXBvc2l0aXZlJmRhdGElNUJwYWdlJTVEPTI%3D&data%5Buser_id%5D=344449&data%5Buser_type%5D=all&data%5Bad_kind%5D=all&data%5Brate%5D=positive&data%5Bpage%5D=2","15.01.2019","Dupont provodnici M-M 20cm","https://www.kupujemprodajem.com/review.php?action=list&return_url=cmV2aWV3LnBocD9hY3Rpb249bGlzdCZkYXRhJTVCdXNlcl9pZCU1RD0zNDQ0NDkmZGF0YSU1QnVzZXJfdHlwZSU1RD1hbGwmZGF0YSU1QmFkX2tpbmQlNUQ9YWxsJmRhdGElNUJyYXRlJTVEPXBvc2l0aXZlJmRhdGElNUJwYWdlJTVEPTI%3D&data%5Buser_id%5D=344449&data%5Buser_type%5D=all&data%5Bad_kind%5D=all&data%5Brate%5D=positive&data%5Bpage%5D=2"
"https://www.kupujemprodajem.com/review.php?action=list&return_url=cmV2aWV3LnBocD9hY3Rpb249bGlzdCZkYXRhJTVCdXNlcl9pZCU1RD0zNDQ0NDkmZGF0YSU1QnVzZXJfdHlwZSU1RD1hbGwmZGF0YSU1QmFkX2tpbmQlNUQ9YWxsJmRhdGElNUJyYXRlJTVEPXBvc2l0aXZlJmRhdGElNUJwYWdlJTVEPTI%3D&data%5Buser_id%5D=344449&data%5Buser_type%5D=all&data%5Bad_kind%5D=all&data%5Brate%5D=positive&data%5Bpage%5D=2","11.01.2019","Arduino NANO V3.0","https://www.kupujemprodajem.com/review.php?action=list&return_url=cmV2aWV3LnBocD9hY3Rpb249bGlzdCZkYXRhJTVCdXNlcl9pZCU1RD0zNDQ0NDkmZGF0YSU1QnVzZXJfdHlwZSU1RD1hbGwmZGF0YSU1QmFkX2tpbmQlNUQ9YWxsJmRhdGElNUJyYXRlJTVEPXBvc2l0aXZlJmRhdGElNUJwYWdlJTVEPTI%3D&data%5Buser_id%5D=344449&data%5Buser_type%5D=all&data%5Bad_kind%5D=all&data%5Brate%5D=positive&data%5Bpage%5D=2"
"https://www.kupujemprodajem.com/review.php?action=list&return_url=cmV2aWV3LnBocD9hY3Rpb249bGlzdCZkYXRhJTVCdXNlcl9pZCU1RD0zNDQ0NDkmZGF0YSU1QnVzZXJfdHlwZSU1RD1hbGwmZGF0YSU1QmFkX2tpbmQlNUQ9YWxsJmRhdGElNUJyYXRlJTVEPXBvc2l0aXZlJmRhdGElNUJwYWdlJTVEPTI%3D&data%5Buser_id%5D=344449&data%5Buser_type%5D=all&data%5Bad_kind%5D=all&data%5Brate%5D=positive&data%5Bpage%5D=3","08.01.2019","ORIGINAL HP punjac 19.5 V 4.62A 90W REZ","https://www.kupujemprodajem.com/review.php?action=list&return_url=cmV2aWV3LnBocD9hY3Rpb249bGlzdCZkYXRhJTVCdXNlcl9pZCU1RD0zNDQ0NDkmZGF0YSU1QnVzZXJfdHlwZSU1RD1hbGwmZGF0YSU1QmFkX2tpbmQlNUQ9YWxsJmRhdGElNUJyYXRlJTVEPXBvc2l0aXZlJmRhdGElNUJwYWdlJTVEPTI%3D&data%5Buser_id%5D=344449&data%5Buser_type%5D=all&data%5Bad_kind%5D=all&data%5Brate%5D=positive&data%5Bpage%5D=3"
"https://www.kupujemprodajem.com/review.php?action=list&return_url=cmV2aWV3LnBocD9hY3Rpb249bGlzdCZkYXRhJTVCdXNlcl9pZCU1RD0zNDQ0NDkmZGF0YSU1QnVzZXJfdHlwZSU1RD1hbGwmZGF0YSU1QmFkX2tpbmQlNUQ9YWxsJmRhdGElNUJyYXRlJTVEPXBvc2l0aXZlJmRhdGElNUJwYWdlJTVEPTI%3D&data%5Buser_id%5D=344449&data%5Buser_type%5D=all&data%5Bad_kind%5D=all&data%5Brate%5D=positive&data%5Bpage%5D=3","04.01.2019","Shift register 74HC595D SOP-16 - SMD","https://www.kupujemprodajem.com/review.php?action=list&return_url=cmV2aWV3LnBocD9hY3Rpb249bGlzdCZkYXRhJTVCdXNlcl9pZCU1RD0zNDQ0NDkmZGF0YSU1QnVzZXJfdHlwZSU1RD1hbGwmZGF0YSU1QmFkX2tpbmQlNUQ9YWxsJmRhdGElNUJyYXRlJTVEPXBvc2l0aXZlJmRhdGElNUJwYWdlJTVEPTI%3D&data%5Buser_id%5D=344449&data%5Buser_type%5D=all&data%5Bad_kind%5D=all&data%5Brate%5D=positive&data%5Bpage%5D=3"
"https://www.kupujemprodajem.com/review.php?action=list&return_url=cmV2aWV3LnBocD9hY3Rpb249bGlzdCZkYXRhJTVCdXNlcl9pZCU1RD0zNDQ0NDkmZGF0YSU1QnVzZXJfdHlwZSU1RD1hbGwmZGF0YSU1QmFkX2tpbmQlNUQ9YWxsJmRhdGElNUJyYXRlJTVEPXBvc2l0aXZlJmRhdGElNUJwYWdlJTVEPTI%3D&data%5Buser_id%5D=344449&data%5Buser_type%5D=all&data%5Bad_kind%5D=all&data%5Brate%5D=positive&data%5Bpage%5D=3","27.12.2018","Krokodil stipaljke 50mm Crno-Crveno","https://www.kupujemprodajem.com/review.php?action=list&return_url=cmV2aWV3LnBocD9hY3Rpb249bGlzdCZkYXRhJTVCdXNlcl9pZCU1RD0zNDQ0NDkmZGF0YSU1QnVzZXJfdHlwZSU1RD1hbGwmZGF0YSU1QmFkX2tpbmQlNUQ9YWxsJmRhdGElNUJyYXRlJTVEPXBvc2l0aXZlJmRhdGElNUJwYWdlJTVEPTI%3D&data%5Buser_id%5D=344449&data%5Buser_type%5D=all&data%5Bad_kind%5D=all&data%5Brate%5D=positive&data%5Bpage%5D=3"
"https://www.kupujemprodajem.com/review.php?action=list&return_url=cmV2aWV3LnBocD9hY3Rpb249bGlzdCZkYXRhJTVCdXNlcl9pZCU1RD0zNDQ0NDkmZGF0YSU1QnVzZXJfdHlwZSU1RD1hbGwmZGF0YSU1QmFkX2tpbmQlNUQ9YWxsJmRhdGElNUJyYXRlJTVEPXBvc2l0aXZlJmRhdGElNUJwYWdlJTVEPTI%3D&data%5Buser_id%5D=344449&data%5Buser_type%5D=all&data%5Bad_kind%5D=all&data%5Brate%5D=positive&data%5Bpage%5D=3","26.12.2018","Dupont provodnici M-Z 20cm.","https://www.kupujemprodajem.com/review.php?action=list&return_url=cmV2aWV3LnBocD9hY3Rpb249bGlzdCZkYXRhJTVCdXNlcl9pZCU1RD0zNDQ0NDkmZGF0YSU1QnVzZXJfdHlwZSU1RD1hbGwmZGF0YSU1QmFkX2tpbmQlNUQ9YWxsJmRhdGElNUJyYXRlJTVEPXBvc2l0aXZlJmRhdGElNUJwYWdlJTVEPTI%3D&data%5Buser_id%5D=344449&data%5Buser_type%5D=all&data%5Bad_kind%5D=all&data%5Brate%5D=positive&data%5Bpage%5D=3"
"https://www.kupujemprodajem.com/review.php?action=list&return_url=cmV2aWV3LnBocD9hY3Rpb249bGlzdCZkYXRhJTVCdXNlcl9pZCU1RD0zNDQ0NDkmZGF0YSU1QnVzZXJfdHlwZSU1RD1hbGwmZGF0YSU1QmFkX2tpbmQlNUQ9YWxsJmRhdGElNUJyYXRlJTVEPXBvc2l0aXZlJmRhdGElNUJwYWdlJTVEPTI%3D&data%5Buser_id%5D=344449&data%5Buser_type%5D=all&data%5Bad_kind%5D=all&data%5Brate%5D=positive&data%5Bpage%5D=3","20.12.2018","Breadboard ploca 400 rupa","https://www.kupujemprodajem.com/review.php?action=list&return_url=cmV2aWV3LnBocD9hY3Rpb249bGlzdCZkYXRhJTVCdXNlcl9pZCU1RD0zNDQ0NDkmZGF0YSU1QnVzZXJfdHlwZSU1RD1hbGwmZGF0YSU1QmFkX2tpbmQlNUQ9YWxsJmRhdGElNUJyYXRlJTVEPXBvc2l0aXZlJmRhdGElNUJwYWdlJTVEPTI%3D&data%5Buser_id%5D=344449&data%5Buser_type%5D=all&data%5Bad_kind%5D=all&data%5Brate%5D=positive&data%5Bpage%5D=3"
"https://www.kupujemprodajem.com/review.php?action=list&return_url=cmV2aWV3LnBocD9hY3Rpb249bGlzdCZkYXRhJTVCdXNlcl9pZCU1RD0zNDQ0NDkmZGF0YSU1QnVzZXJfdHlwZSU1RD1hbGwmZGF0YSU1QmFkX2tpbmQlNUQ9YWxsJmRhdGElNUJyYXRlJTVEPXBvc2l0aXZlJmRhdGElNUJwYWdlJTVEPTI%3D&data%5Buser_id%5D=344449&data%5Buser_type%5D=all&data%5Bad_kind%5D=all&data%5Brate%5D=positive&data%5Bpage%5D=3","19.12.2018","Motor za AEG Eko Lavamat ves masinu","https://www.kupujemprodajem.com/review.php?action=list&return_url=cmV2aWV3LnBocD9hY3Rpb249bGlzdCZkYXRhJTVCdXNlcl9pZCU1RD0zNDQ0NDkmZGF0YSU1QnVzZXJfdHlwZSU1RD1hbGwmZGF0YSU1QmFkX2tpbmQlNUQ9YWxsJmRhdGElNUJyYXRlJTVEPXBvc2l0aXZlJmRhdGElNUJwYWdlJTVEPTI%3D&data%5Buser_id%5D=344449&data%5Buser_type%5D=all&data%5Bad_kind%5D=all&data%5Brate%5D=positive&data%5Bpage%5D=3"
"https://www.kupujemprodajem.com/review.php?action=list&return_url=cmV2aWV3LnBocD9hY3Rpb249bGlzdCZkYXRhJTVCdXNlcl9pZCU1RD0zNDQ0NDkmZGF0YSU1QnVzZXJfdHlwZSU1RD1hbGwmZGF0YSU1QmFkX2tpbmQlNUQ9YWxsJmRhdGElNUJyYXRlJTVEPXBvc2l0aXZlJmRhdGElNUJwYWdlJTVEPTI%3D&data%5Buser_id%5D=344449&data%5Buser_type%5D=all&data%5Bad_kind%5D=all&data%5Brate%5D=positive&data%5Bpage%5D=3","18.12.2018","TP4056 1A modul za punjenje litijumske baterije","https://www.kupujemprodajem.com/review.php?action=list&return_url=cmV2aWV3LnBocD9hY3Rpb249bGlzdCZkYXRhJTVCdXNlcl9pZCU1RD0zNDQ0NDkmZGF0YSU1QnVzZXJfdHlwZSU1RD1hbGwmZGF0YSU1QmFkX2tpbmQlNUQ9YWxsJmRhdGElNUJyYXRlJTVEPXBvc2l0aXZlJmRhdGElNUJwYWdlJTVEPTI%3D&data%5Buser_id%5D=344449&data%5Buser_type%5D=all&data%5Bad_kind%5D=all&data%5Brate%5D=positive&data%5Bpage%5D=3"
"https://www.kupujemprodajem.com/review.php?action=list&return_url=cmV2aWV3LnBocD9hY3Rpb249bGlzdCZkYXRhJTVCdXNlcl9pZCU1RD0zNDQ0NDkmZGF0YSU1QnVzZXJfdHlwZSU1RD1hbGwmZGF0YSU1QmFkX2tpbmQlNUQ9YWxsJmRhdGElNUJyYXRlJTVEPXBvc2l0aXZlJmRhdGElNUJwYWdlJTVEPTI%3D&data%5Buser_id%5D=344449&data%5Buser_type%5D=all&data%5Bad_kind%5D=all&data%5Brate%5D=positive&data%5Bpage%5D=3","17.12.2018","XL7015 DC-DC Dc regulator Step-down module 5V-80V","https://www.kupujemprodajem.com/review.php?action=list&return_url=cmV2aWV3LnBocD9hY3Rpb249bGlzdCZkYXRhJTVCdXNlcl9pZCU1RD0zNDQ0NDkmZGF0YSU1QnVzZXJfdHlwZSU1RD1hbGwmZGF0YSU1QmFkX2tpbmQlNUQ9YWxsJmRhdGElNUJyYXRlJTVEPXBvc2l0aXZlJmRhdGElNUJwYWdlJTVEPTI%3D&data%5Buser_id%5D=344449&data%5Buser_type%5D=all&data%5Bad_kind%5D=all&data%5Brate%5D=positive&data%5Bpage%5D=3"
"https://www.kupujemprodajem.com/review.php?action=list&return_url=cmV2aWV3LnBocD9hY3Rpb249bGlzdCZkYXRhJTVCdXNlcl9pZCU1RD0zNDQ0NDkmZGF0YSU1QnVzZXJfdHlwZSU1RD1hbGwmZGF0YSU1QmFkX2tpbmQlNUQ9YWxsJmRhdGElNUJyYXRlJTVEPXBvc2l0aXZlJmRhdGElNUJwYWdlJTVEPTI%3D&data%5Buser_id%5D=344449&data%5Buser_type%5D=all&data%5Bad_kind%5D=all&data%5Brate%5D=positive&data%5Bpage%5D=3","07.12.2018","Prototype PCB Expansion Board za Arduino ATMEGA328P UNO","https://www.kupujemprodajem.com/review.php?action=list&return_url=cmV2aWV3LnBocD9hY3Rpb249bGlzdCZkYXRhJTVCdXNlcl9pZCU1RD0zNDQ0NDkmZGF0YSU1QnVzZXJfdHlwZSU1RD1hbGwmZGF0YSU1QmFkX2tpbmQlNUQ9YWxsJmRhdGElNUJyYXRlJTVEPXBvc2l0aXZlJmRhdGElNUJwYWdlJTVEPTI%3D&data%5Buser_id%5D=344449&data%5Buser_type%5D=all&data%5Bad_kind%5D=all&data%5Brate%5D=positive&data%5Bpage%5D=3"
"https://www.kupujemprodajem.com/review.php?action=list&return_url=cmV2aWV3LnBocD9hY3Rpb249bGlzdCZkYXRhJTVCdXNlcl9pZCU1RD0zNDQ0NDkmZGF0YSU1QnVzZXJfdHlwZSU1RD1hbGwmZGF0YSU1QmFkX2tpbmQlNUQ9YWxsJmRhdGElNUJyYXRlJTVEPXBvc2l0aXZlJmRhdGElNUJwYWdlJTVEPTI%3D&data%5Buser_id%5D=344449&data%5Buser_type%5D=all&data%5Bad_kind%5D=all&data%5Brate%5D=positive&data%5Bpage%5D=3","20.11.2018","Kingston 120GB A400 SATA 3 2.5"" SA400S37/120G","https://www.kupujemprodajem.com/review.php?action=list&return_url=cmV2aWV3LnBocD9hY3Rpb249bGlzdCZkYXRhJTVCdXNlcl9pZCU1RD0zNDQ0NDkmZGF0YSU1QnVzZXJfdHlwZSU1RD1hbGwmZGF0YSU1QmFkX2tpbmQlNUQ9YWxsJmRhdGElNUJyYXRlJTVEPXBvc2l0aXZlJmRhdGElNUJwYWdlJTVEPTI%3D&data%5Buser_id%5D=344449&data%5Buser_type%5D=all&data%5Bad_kind%5D=all&data%5Brate%5D=positive&data%5Bpage%5D=3"
"https://www.kupujemprodajem.com/review.php?action=list&return_url=cmV2aWV3LnBocD9hY3Rpb249bGlzdCZkYXRhJTVCdXNlcl9pZCU1RD0zNDQ0NDkmZGF0YSU1QnVzZXJfdHlwZSU1RD1hbGwmZGF0YSU1QmFkX2tpbmQlNUQ9YWxsJmRhdGElNUJyYXRlJTVEPXBvc2l0aXZlJmRhdGElNUJwYWdlJTVEPTI%3D&data%5Buser_id%5D=344449&data%5Buser_type%5D=all&data%5Bad_kind%5D=all&data%5Brate%5D=positive&data%5Bpage%5D=3","14.11.2018","Step Down regulator napona i struje XL4015 5A CC / CV","https://www.kupujemprodajem.com/review.php?action=list&return_url=cmV2aWV3LnBocD9hY3Rpb249bGlzdCZkYXRhJTVCdXNlcl9pZCU1RD0zNDQ0NDkmZGF0YSU1QnVzZXJfdHlwZSU1RD1hbGwmZGF0YSU1QmFkX2tpbmQlNUQ9YWxsJmRhdGElNUJyYXRlJTVEPXBvc2l0aXZlJmRhdGElNUJwYWdlJTVEPTI%3D&data%5Buser_id%5D=344449&data%5Buser_type%5D=all&data%5Bad_kind%5D=all&data%5Brate%5D=positive&data%5Bpage%5D=3"
"https://www.kupujemprodajem.com/review.php?action=list&return_url=cmV2aWV3LnBocD9hY3Rpb249bGlzdCZkYXRhJTVCdXNlcl9pZCU1RD0zNDQ0NDkmZGF0YSU1QnVzZXJfdHlwZSU1RD1hbGwmZGF0YSU1QmFkX2tpbmQlNUQ9YWxsJmRhdGElNUJyYXRlJTVEPXBvc2l0aXZlJmRhdGElNUJwYWdlJTVEPTI%3D&data%5Buser_id%5D=344449&data%5Buser_type%5D=all&data%5Bad_kind%5D=all&data%5Brate%5D=positive&data%5Bpage%5D=3","31.10.2018","Mini stega","https://www.kupujemprodajem.com/review.php?action=list&return_url=cmV2aWV3LnBocD9hY3Rpb249bGlzdCZkYXRhJTVCdXNlcl9pZCU1RD0zNDQ0NDkmZGF0YSU1QnVzZXJfdHlwZSU1RD1hbGwmZGF0YSU1QmFkX2tpbmQlNUQ9YWxsJmRhdGElNUJyYXRlJTVEPXBvc2l0aXZlJmRhdGElNUJwYWdlJTVEPTI%3D&data%5Buser_id%5D=344449&data%5Buser_type%5D=all&data%5Bad_kind%5D=all&data%5Brate%5D=positive&data%5Bpage%5D=3"
"https://www.kupujemprodajem.com/review.php?action=list&return_url=cmV2aWV3LnBocD9hY3Rpb249bGlzdCZkYXRhJTVCdXNlcl9pZCU1RD0zNDQ0NDkmZGF0YSU1QnVzZXJfdHlwZSU1RD1hbGwmZGF0YSU1QmFkX2tpbmQlNUQ9YWxsJmRhdGElNUJyYXRlJTVEPXBvc2l0aXZlJmRhdGElNUJwYWdlJTVEPTI%3D&data%5Buser_id%5D=344449&data%5Buser_type%5D=all&data%5Bad_kind%5D=all&data%5Brate%5D=positive&data%5Bpage%5D=3","11.10.2018","Krokodilke 28mm","https://www.kupujemprodajem.com/review.php?action=list&return_url=cmV2aWV3LnBocD9hY3Rpb249bGlzdCZkYXRhJTVCdXNlcl9pZCU1RD0zNDQ0NDkmZGF0YSU1QnVzZXJfdHlwZSU1RD1hbGwmZGF0YSU1QmFkX2tpbmQlNUQ9YWxsJmRhdGElNUJyYXRlJTVEPXBvc2l0aXZlJmRhdGElNUJwYWdlJTVEPTI%3D&data%5Buser_id%5D=344449&data%5Buser_type%5D=all&data%5Bad_kind%5D=all&data%5Brate%5D=positive&data%5Bpage%5D=3"
"https://www.kupujemprodajem.com/review.php?action=list&return_url=cmV2aWV3LnBocD9hY3Rpb249bGlzdCZkYXRhJTVCdXNlcl9pZCU1RD0zNDQ0NDkmZGF0YSU1QnVzZXJfdHlwZSU1RD1hbGwmZGF0YSU1QmFkX2tpbmQlNUQ9YWxsJmRhdGElNUJyYXRlJTVEPXBvc2l0aXZlJmRhdGElNUJwYWdlJTVEPTI%3D&data%5Buser_id%5D=344449&data%5Buser_type%5D=all&data%5Bad_kind%5D=all&data%5Brate%5D=positive&data%5Bpage%5D=3","11.10.2018","Digitalni Osciloskop DSO-138 TFT DSO138","https://www.kupujemprodajem.com/review.php?action=list&return_url=cmV2aWV3LnBocD9hY3Rpb249bGlzdCZkYXRhJTVCdXNlcl9pZCU1RD0zNDQ0NDkmZGF0YSU1QnVzZXJfdHlwZSU1RD1hbGwmZGF0YSU1QmFkX2tpbmQlNUQ9YWxsJmRhdGElNUJyYXRlJTVEPXBvc2l0aXZlJmRhdGElNUJwYWdlJTVEPTI%3D&data%5Buser_id%5D=344449&data%5Buser_type%5D=all&data%5Bad_kind%5D=all&data%5Brate%5D=positive&data%5Bpage%5D=3"
"https://www.kupujemprodajem.com/review.php?action=list&return_url=cmV2aWV3LnBocD9hY3Rpb249bGlzdCZkYXRhJTVCdXNlcl9pZCU1RD0zNDQ0NDkmZGF0YSU1QnVzZXJfdHlwZSU1RD1hbGwmZGF0YSU1QmFkX2tpbmQlNUQ9YWxsJmRhdGElNUJyYXRlJTVEPXBvc2l0aXZlJmRhdGElNUJwYWdlJTVEPTI%3D&data%5Buser_id%5D=344449&data%5Buser_type%5D=all&data%5Bad_kind%5D=all&data%5Brate%5D=positive&data%5Bpage%5D=3","02.10.2018","Arduino UNO r3 sa ATMEGA 16U2 + USB kabal","https://www.kupujemprodajem.com/review.php?action=list&return_url=cmV2aWV3LnBocD9hY3Rpb249bGlzdCZkYXRhJTVCdXNlcl9pZCU1RD0zNDQ0NDkmZGF0YSU1QnVzZXJfdHlwZSU1RD1hbGwmZGF0YSU1QmFkX2tpbmQlNUQ9YWxsJmRhdGElNUJyYXRlJTVEPXBvc2l0aXZlJmRhdGElNUJwYWdlJTVEPTI%3D&data%5Buser_id%5D=344449&data%5Buser_type%5D=all&data%5Bad_kind%5D=all&data%5Brate%5D=positive&data%5Bpage%5D=3"
"https://www.kupujemprodajem.com/review.php?action=list&return_url=cmV2aWV3LnBocD9hY3Rpb249bGlzdCZkYXRhJTVCdXNlcl9pZCU1RD0zNDQ0NDkmZGF0YSU1QnVzZXJfdHlwZSU1RD1hbGwmZGF0YSU1QmFkX2tpbmQlNUQ9YWxsJmRhdGElNUJyYXRlJTVEPXBvc2l0aXZlJmRhdGElNUJwYWdlJTVEPTI%3D&data%5Buser_id%5D=344449&data%5Buser_type%5D=all&data%5Bad_kind%5D=all&data%5Brate%5D=positive&data%5Bpage%5D=3","22.01.2018","punjac Li ion baterija 18650 za 2 bateri","https://www.kupujemprodajem.com/review.php?action=list&return_url=cmV2aWV3LnBocD9hY3Rpb249bGlzdCZkYXRhJTVCdXNlcl9pZCU1RD0zNDQ0NDkmZGF0YSU1QnVzZXJfdHlwZSU1RD1hbGwmZGF0YSU1QmFkX2tpbmQlNUQ9YWxsJmRhdGElNUJyYXRlJTVEPXBvc2l0aXZlJmRhdGElNUJwYWdlJTVEPTI%3D&data%5Buser_id%5D=344449&data%5Buser_type%5D=all&data%5Bad_kind%5D=all&data%5Brate%5D=positive&data%5Bpage%5D=3"
"https://www.kupujemprodajem.com/review.php?action=list&return_url=cmV2aWV3LnBocD9hY3Rpb249bGlzdCZkYXRhJTVCdXNlcl9pZCU1RD0zNDQ0NDkmZGF0YSU1QnVzZXJfdHlwZSU1RD1hbGwmZGF0YSU1QmFkX2tpbmQlNUQ9YWxsJmRhdGElNUJyYXRlJTVEPXBvc2l0aXZlJmRhdGElNUJwYWdlJTVEPTI%3D&data%5Buser_id%5D=344449&data%5Buser_type%5D=all&data%5Bad_kind%5D=all&data%5Brate%5D=positive&data%5Bpage%5D=3","18.01.2018","Štapni motori 18 inča","https://www.kupujemprodajem.com/review.php?action=list&return_url=cmV2aWV3LnBocD9hY3Rpb249bGlzdCZkYXRhJTVCdXNlcl9pZCU1RD0zNDQ0NDkmZGF0YSU1QnVzZXJfdHlwZSU1RD1hbGwmZGF0YSU1QmFkX2tpbmQlNUQ9YWxsJmRhdGElNUJyYXRlJTVEPXBvc2l0aXZlJmRhdGElNUJwYWdlJTVEPTI%3D&data%5Buser_id%5D=344449&data%5Buser_type%5D=all&data%5Bad_kind%5D=all&data%5Brate%5D=positive&data%5Bpage%5D=3"
"https://www.kupujemprodajem.com/review.php?action=list&return_url=cmV2aWV3LnBocD9hY3Rpb249bGlzdCZkYXRhJTVCdXNlcl9pZCU1RD0zNDQ0NDkmZGF0YSU1QnVzZXJfdHlwZSU1RD1hbGwmZGF0YSU1QmFkX2tpbmQlNUQ9YWxsJmRhdGElNUJyYXRlJTVEPXBvc2l0aXZlJmRhdGElNUJwYWdlJTVEPTI%3D&data%5Buser_id%5D=344449&data%5Buser_type%5D=all&data%5Bad_kind%5D=all&data%5Brate%5D=positive&data%5Bpage%5D=3","06.12.2017","Delovi za HP compaq 6710b","https://www.kupujemprodajem.com/review.php?action=list&return_url=cmV2aWV3LnBocD9hY3Rpb249bGlzdCZkYXRhJTVCdXNlcl9pZCU1RD0zNDQ0NDkmZGF0YSU1QnVzZXJfdHlwZSU1RD1hbGwmZGF0YSU1QmFkX2tpbmQlNUQ9YWxsJmRhdGElNUJyYXRlJTVEPXBvc2l0aXZlJmRhdGElNUJwYWdlJTVEPTI%3D&data%5Buser_id%5D=344449&data%5Buser_type%5D=all&data%5Bad_kind%5D=all&data%5Brate%5D=positive&data%5Bpage%5D=3"
"https://www.kupujemprodajem.com/review.php?action=list&return_url=cmV2aWV3LnBocD9hY3Rpb249bGlzdCZkYXRhJTVCdXNlcl9pZCU1RD0zNDQ0NDkmZGF0YSU1QnVzZXJfdHlwZSU1RD1hbGwmZGF0YSU1QmFkX2tpbmQlNUQ9YWxsJmRhdGElNUJyYXRlJTVEPXBvc2l0aXZlJmRhdGElNUJwYWdlJTVEPTI%3D&data%5Buser_id%5D=344449&data%5Buser_type%5D=all&data%5Bad_kind%5D=all&data%5Brate%5D=positive&data%5Bpage%5D=3","18.03.2016","Navigaciono svetlo. Rezervisano","https://www.kupujemprodajem.com/review.php?action=list&return_url=cmV2aWV3LnBocD9hY3Rpb249bGlzdCZkYXRhJTVCdXNlcl9pZCU1RD0zNDQ0NDkmZGF0YSU1QnVzZXJfdHlwZSU1RD1hbGwmZGF0YSU1QmFkX2tpbmQlNUQ9YWxsJmRhdGElNUJyYXRlJTVEPXBvc2l0aXZlJmRhdGElNUJwYWdlJTVEPTI%3D&data%5Buser_id%5D=344449&data%5Buser_type%5D=all&data%5Bad_kind%5D=all&data%5Brate%5D=positive&data%5Bpage%5D=3"
"https://www.kupujemprodajem.com/review.php?action=list&return_url=cmV2aWV3LnBocD9hY3Rpb249bGlzdCZkYXRhJTVCdXNlcl9pZCU1RD0zNDQ0NDkmZGF0YSU1QnVzZXJfdHlwZSU1RD1hbGwmZGF0YSU1QmFkX2tpbmQlNUQ9YWxsJmRhdGElNUJyYXRlJTVEPXBvc2l0aXZlJmRhdGElNUJwYWdlJTVEPTI%3D&data%5Buser_id%5D=344449&data%5Buser_type%5D=all&data%5Bad_kind%5D=all&data%5Brate%5D=positive&data%5Bpage%5D=3","29.01.2016","Frizider mini bar","https://www.kupujemprodajem.com/review.php?action=list&return_url=cmV2aWV3LnBocD9hY3Rpb249bGlzdCZkYXRhJTVCdXNlcl9pZCU1RD0zNDQ0NDkmZGF0YSU1QnVzZXJfdHlwZSU1RD1hbGwmZGF0YSU1QmFkX2tpbmQlNUQ9YWxsJmRhdGElNUJyYXRlJTVEPXBvc2l0aXZlJmRhdGElNUJwYWdlJTVEPTI%3D&data%5Buser_id%5D=344449&data%5Buser_type%5D=all&data%5Bad_kind%5D=all&data%5Brate%5D=positive&data%5Bpage%5D=3"
"https://www.kupujemprodajem.com/review.php?action=list&return_url=cmV2aWV3LnBocD9hY3Rpb249bGlzdCZkYXRhJTVCdXNlcl9pZCU1RD0zNDQ0NDkmZGF0YSU1QnVzZXJfdHlwZSU1RD1hbGwmZGF0YSU1QmFkX2tpbmQlNUQ9YWxsJmRhdGElNUJyYXRlJTVEPXBvc2l0aXZlJmRhdGElNUJwYWdlJTVEPTI%3D&data%5Buser_id%5D=344449&data%5Buser_type%5D=all&data%5Bad_kind%5D=all&data%5Brate%5D=positive&data%5Bpage%5D=3","20.01.2016","USB na IDE i SATA 2.5""/3.5 adapter","https://www.kupujemprodajem.com/review.php?action=list&return_url=cmV2aWV3LnBocD9hY3Rpb249bGlzdCZkYXRhJTVCdXNlcl9pZCU1RD0zNDQ0NDkmZGF0YSU1QnVzZXJfdHlwZSU1RD1hbGwmZGF0YSU1QmFkX2tpbmQlNUQ9YWxsJmRhdGElNUJyYXRlJTVEPXBvc2l0aXZlJmRhdGElNUJwYWdlJTVEPTI%3D&data%5Buser_id%5D=344449&data%5Buser_type%5D=all&data%5Bad_kind%5D=all&data%5Brate%5D=positive&data%5Bpage%5D=3"
